{"cameraMode":{"drawMode":0,"name":"Shaded","section":"Shading Mode"},"sceneLighting":false,"audioPlay":false,"sceneViewState":{"showFog":false,"showMaterialUpdate":false,"showSkybox":false,"showFlares":false,"showImageEffects":false,"showParticleSystems":false},"in2DMode":false,"pivot":{"x":-1.0072262287139893,"y":-0.4308443069458008,"z":1.7110495567321778},"rotation":{"x":-0.3886425495147705,"y":0.269540011882782,"z":-0.11993516236543656,"w":-0.8730420470237732},"size":7.711752891540527,"orthographic":false}